MET,RMR,Duration (hours),Calories Burnt
5.0,2189.0933248398405,0.47654837462648075,5216.044329290523
3.5,2770.206844695652,0.14232482103372474,1379.9421768919779
3.5,2791.1161539106206,0.4179502138900339,4082.916577316054
3.5,1177.862958392243,0.26765119577707414,1103.3975024632207
3.5,1367.5058083908825,0.1155088741284104,552.856697019524
5.0,1359.7840972817055,0.2918346811129393,1984.160792063263
5.0,2651.8506859760646,0.15230630979146767,2019.4679604949326
3.5,2059.3206529262907,0.4919836636603621,3546.0324181734395
5.0,1219.811923771786,0.36354070558160767,2217.2564372242664
3.5,2761.73746257026,0.13060255667912196,1262.4149072086539
3.5,1074.2411444619315,0.4958676259135097,1864.3849208703234
5.0,2503.6568947538553,0.065934720298323,825.3895853928167
5.0,1425.0103154792614,0.21737796624125932,1548.8292212584859
3.5,1392.3195475931907,0.35473230176637593,1728.6525126921813
3.5,1365.4161724186197,0.4314805345070836,2062.026749649308
5.0,1755.8249681324965,0.46453088334697656,4078.1746172463277
5.0,2332.5848959916593,0.3773831091002322,4401.390701447871
3.5,1931.0942405800934,0.05982085094447109,404.31895253913933
3.5,1833.9885797120708,0.11075040391459581,710.902415922537
5.0,929.6079844541387,0.45123121030499447,2097.340679672137
5.0,1486.6032507710074,0.4154671580046395,3088.1741383914446
5.0,1424.5569012322962,0.47827955950373646,3406.682236046952
3.5,1584.5776365447095,0.47048337146993513,2609.3110007909577
3.5,904.5850668563738,0.33354545498571747,1056.0208319426322
5.0,2557.5197583903264,0.37674836163631725,4817.706894130327
3.5,2795.3861652402547,0.32714630546199447,3200.7508970427257
5.0,2723.7689145043014,0.11805415012234163,1607.7611216572914
5.0,1412.0680385558162,0.4451495148905114,3142.9070117775877
5.0,2234.62138624642,0.2862960325293887,3198.816185438364
3.5,2778.4181179738944,0.44307230142640813,4308.64038449433
3.5,1103.1753420443474,0.4762189563895743,1838.7355353607477
3.5,2778.7128373559813,0.3716967344471372,3614.9347066404503
5.0,1796.539174437491,0.04265541966195754,383.16066212388955
5.0,1133.3339939437647,0.49817614330136206,2822.9997908761693
5.0,1865.23086895105,0.2412016607104319,2249.483915996776
5.0,1687.6309314989026,0.10774639723968148,909.1807636962723
3.5,2520.118770463184,0.08476173102775679,747.6337028300054
3.5,2702.4418762404075,0.36574889582733566,3459.452962953688
3.5,909.459651907343,0.4685802378237325,1491.541869936411
3.5,2412.783444227905,0.09223156222048837,778.8717522630458
5.0,2004.3750633464836,0.2255122230289828,2260.0553815956187
5.0,1864.199434772449,0.3084466620323515,2875.030465090791
3.5,1135.0191462518048,0.20175128942422485,801.4705169711956
5.0,1817.8381254383337,0.419829482178807,3815.910194438344
3.5,1947.4622322735258,0.10448780703493839,712.2012027676928
5.0,1686.3134501719035,0.36741553966778245,3097.8888317197507
5.0,2516.047606575955,0.16843238158635793,2118.919452801219
3.5,1477.8320150673808,0.31266339083985795,1617.2238912293355
5.0,2207.0932079526556,0.32059059396078704,3537.8666123218036
3.5,2595.029547471391,0.016926528008572295,153.73694111421517
5.0,1830.7818168024244,0.366227124265374,3352.4097996244436
3.5,1840.9847875276255,0.4574764471546278,2947.7251295234946
5.0,2222.8894862682505,0.0821774148657857,913.3565575692962
5.0,1706.6207401619204,0.1576250219317287,1345.0306579858288
5.0,2480.2602363643086,0.373140695308209,4627.430145711404
5.0,2193.9017730138185,0.30105771211572746,3302.455241950891
5.0,2192.878400172248,0.24700776594781584,2708.2899731088373
3.5,2776.337949832713,0.45663232497049455,4437.179785275748
5.0,1984.5102940578595,0.19372284387164632,1922.2248892872283
5.0,1254.241883734909,0.3523065482912312,2209.3881439046872
3.5,2097.4147298731195,0.34349726065032243,2521.5967495566842
3.5,2019.3016338173143,0.08457935492618943,597.7693035638408
3.5,1555.99687681466,0.37539405206686793,2044.391904067962
3.5,2290.5597961158783,0.08744799658577743,701.0670283059113
5.0,1900.125488452623,0.14985148010170152,1423.6830841179703
5.0,1045.224828254818,0.2601297701739548,1359.470471770186
5.0,2409.575506681338,0.4487125241070107,5406.033538147062
3.5,1982.4815582016633,0.12356965215705618,857.4109479416538
5.0,1016.7019452986319,0.2643043238676686,1343.5936011354913
5.0,1601.7144592634904,0.4595922090025486,3680.677432621151
5.0,2179.5377288495743,0.3546285467959404,3864.6314873442448
3.5,1736.2676653394499,0.028177776091168994,171.23456527895115
3.5,2122.795954170437,0.4750849795491678,3529.779653659414
5.0,2600.0418562758323,0.45030017756634416,5853.9965478046715
5.0,1405.8966975410547,0.3973581940921271,2793.2228640749945
5.0,909.3312286680163,0.16551937353172488,752.5596765098186
5.0,2619.191159291085,0.4970925062995869,6509.90148924863
5.0,917.4020580097064,0.08292970862758478,380.3994268254579
3.5,1793.704335273148,0.09355239557000687,587.3186812818842
3.5,1408.4150058770958,0.20645972789509254,1017.7334260686263
5.0,1117.5779065155245,0.49276839999622146,2753.535384323909
3.5,2258.8712301903124,0.25939551503757424,2050.7937315557124
3.5,1916.4957300533083,0.1650170917150796,1106.8909308021784
3.5,1998.2337980879847,0.17291927502973897,1209.3659889685364
5.0,2764.0536692210335,0.2920039805093069,4035.5733687694847
3.5,2334.550571757311,0.3337205787061796,2726.806487389923
3.5,2187.540970912578,0.15976477782782197,1223.221990224871
5.0,2480.665454128746,0.16010910954016083,1985.8856846379613
5.0,1423.119901593443,0.01816145389559807,129.2296324034869
5.0,1443.2139036404003,0.07408849543571035,534.6277335630775
3.5,994.1600107510659,0.2916976759346073,1014.9795762512356
5.0,1114.8339813661144,0.01673195957106722,93.26678552334864
5.0,2349.7636183823315,0.021272666465236702,249.92868862997537
3.5,1901.2134048267862,0.4275023159716461,2844.7059680192647
3.5,1313.49551721521,0.462478628417297,2126.1226183188546
3.5,2436.894204468107,0.07266169695202748,619.741038662248
3.5,1893.361032484332,0.3210142568592468,2127.285596832249
5.0,1466.3533324827304,0.11616823621005187,851.7184014762528
3.5,1885.8286464931623,0.30327649691975594,2001.7462699477987
3.5,2030.4848393785783,0.3890134534320759,2764.6007182784715
3.5,2018.7853042686488,0.4941165041607408,3491.3029801870575
3.5,1472.689111959788,0.3406941786007159,1756.078125666752
3.5,1425.852425713174,0.104373061036779,520.8720379044017
5.0,2523.9153209878764,0.2374495903982283,2996.513295841921
5.0,1577.9554806723959,0.05992260264508053,472.7759962997951
3.5,1718.659614288994,0.27056335609083526,1627.5220962693372
3.5,1856.6949833466404,0.44200439222563903,2872.3356818188367
3.5,1807.7628288357985,0.27998927781414573,1771.539731167473
5.0,2785.1104610046036,0.3292268333977584,4584.665488697584
3.5,2679.1526167076527,0.25872886317630767,2426.1093877881035
3.5,1120.8153810690396,0.14493726923447542,568.5677222685059
5.0,1179.9661862010303,0.22979814553490618,1355.770206914463
5.0,2762.178404434517,0.4092264101378775,5651.7817630355385
3.5,2416.2413496876834,0.33506615327656036,2833.6024304966572
3.5,1699.233010360252,0.49579194537286153,2948.6311394690256
5.0,2173.0597896124664,0.06617084080592368,718.9659670010027
3.5,1870.216770520437,0.2734089882060879,1789.6692623391748
3.5,2791.6989453334018,0.2879147032867151,2813.199107290256
3.5,1677.6764057358641,0.48953299812252943,2874.4728627275736
5.0,1614.5461359497845,0.36584523144072156,2953.370023891358
5.0,1903.917964302711,0.47686693994988,4539.577667763193
3.5,1711.4386798796797,0.08637539991849326,517.3917014370493
5.0,2012.0096851566136,0.207349593735822,2085.946954048815
5.0,2631.529196114272,0.23538698007859316,3097.138552309932
5.0,1205.9913590290284,0.31958713445502823,1927.096613048062
5.0,1933.4658089831178,0.03995940255996589,386.3006929854326
3.5,1907.3769410797615,0.11539378654473893,770.3480665976028
3.5,2706.8544300574995,0.3572907288717732,3384.9689729276124
5.0,2412.230912243199,0.21198985101597126,2556.8423585127807
3.5,2553.9700693757404,0.23123738566094718,2067.0067666456393
3.5,2521.9120641330446,0.2118447594267361,1869.8884908257692
5.0,1163.3719775570364,0.2479008810162906,1442.0046909302678
5.0,2459.307428942057,0.4512868830432167,5549.2659202614395
5.0,1553.654419925723,0.12336342848987172,958.3206796524004
3.5,1581.6124994510246,0.4864446913681118,2692.7845145579054
3.5,2398.5321034957633,0.3940492715305267,3307.989398437806
3.5,2033.0546501898377,0.07286538227366988,518.4875649427066
5.0,2287.5852111609006,0.21449789191107657,2453.4110268048407
3.5,2780.6198327231577,0.28329730218696436,2757.0973395631354
3.5,2005.7837582764403,0.05125650343066581,359.8331173054454
5.0,1337.5523096179154,0.217856899607249,1456.974996179371
3.5,1977.7418164907153,0.2995516647437574,2073.5254874709776
3.5,2317.8402066438593,0.42524417343024373,3449.7681498617867
5.0,1681.1647655786246,0.14971652402028438,1258.4907250390397
5.0,1158.7218906759465,0.022966111050233443,133.0566780880012
5.0,1833.7405026381407,0.4831313413843154,4429.687543951568
5.0,918.904041633815,0.13135720757187613,603.5233446776447
5.0,997.219160922177,0.42769326656956874,2132.519602102852
3.5,1883.8366121367794,0.4887349547026065,3222.438804549232
3.5,1378.9272230272722,0.19145872905014283,924.0267875070554
5.0,2540.252522214645,0.4400652224582588,5589.3839564427035
3.5,2796.8551759901725,0.4763659325680872,4663.142834589541
5.0,2436.4124871376416,0.34822233148372383,4242.066183635639
3.5,1546.3157724492085,0.2666719015445003,1443.2563859954914
5.0,1929.7719902777662,0.42203848273171174,4072.1902139749204
3.5,2011.8272321435825,0.4985291091197196,3510.34053210166
3.5,2191.749182224379,0.4966001228592346,3809.480196092388
5.0,1492.8441224574494,0.33373820739200716,2491.095606723216
5.0,940.0021559345155,0.35561653063294074,1671.4015274045846
3.5,2102.7256166452844,0.422817509336304,3111.742228166611
5.0,1728.2587260378798,0.19900664135582918,1719.674822313513
3.5,2693.9413688408977,0.4471864928923981,4216.4296747639755
5.0,1574.7935776458353,0.22981085900271664,1809.5233241537537
5.0,2019.9019082456423,0.07881528092402473,795.9956816867697
5.0,1497.3424926993664,0.07492350899720783,560.9307686183129
5.0,1304.8361252403288,0.06328728158808754,412.8976564219687
3.5,1369.5261283138752,0.24133634311677982,1156.8074966355334
5.0,1985.4435760439771,0.11501225891495123,1141.7517531449828
3.5,2131.083198512755,0.2109430613288498,1573.3802484426512
5.0,1737.589586435769,0.23490581508833136,2040.8494904534548
5.0,2398.08729244075,0.36355673106894437,4359.203884288673
3.5,2633.4491849266433,0.36711415491484195,3383.717652124334
3.5,1108.6264813801824,0.1035589826579291,401.82880695779943
3.5,1589.8278135141948,0.45419347738210475,2527.3129807058017
3.5,2206.670072472818,0.4202076051768183,3245.4084129920566
5.0,1373.8648080777,0.2924673494113033,2009.0529943397694
5.0,2578.6323487902164,0.2071285790705681,2670.542271751595
5.0,909.0494734903364,0.25057240104103473,1138.9135461878102
5.0,2468.3715979009457,0.3906699698109055,4821.593288170296
5.0,1687.1199386822154,0.12935992487851855,1091.2285426449112
3.5,1264.1876146931145,0.08598882820290386,380.4710406562977
3.5,956.5715011706291,0.3298551976398227,1104.3552855134092
3.5,1072.1268262355777,0.40846367644309395,1532.7370277010757
5.0,1513.3919775642944,0.23528826404967307,1780.416856139023
3.5,1496.2015755388716,0.4753115251538056,2489.0664848241777
3.5,1235.0743716407449,0.23611613955641478,1020.6734744390709
5.0,2504.533783841161,0.28715116753553843,3595.8990008109463
3.5,1876.359397443188,0.17999332391676431,1182.0625768288976
5.0,1987.544433340219,0.3269917007970644,3249.552673338279
5.0,2593.6275387313453,0.1126194793578113,1460.4649153000285
3.5,1745.2356776797178,0.3906713610672929,2386.3475915381714
3.5,2521.7737616428003,0.2971597860054338,2622.7941297736234
5.0,1937.7097613851665,0.43383522855499523,4203.2337860188945
3.5,1720.1016094034535,0.31113235136293854,1873.1274041090498
5.0,2256.6844080096935,0.022258443068075225,251.151407091484
5.0,946.6505277073456,0.2381760013023713,1127.3471866005762
3.5,1015.4778427944868,0.19651524814656224,698.44908092433
3.5,902.2196053983064,0.19000291976304207,599.9852575259827
3.5,2627.423248803923,0.06830699669550745,628.1498691081215
3.5,2716.2057805372524,0.08960192083749835,851.82039364119
5.0,1348.9655003905807,0.12112222747871541,816.9485309962355
5.0,1415.5841107106503,0.14965661267617839,1059.257614835881
3.5,2295.27992468363,0.30088173915727884,2417.127354570595
5.0,1783.674670368246,0.24563878384985963,2190.698384065276
3.5,1477.3252541869713,0.24703732603946885,1277.340681697248
3.5,1258.322000063232,0.37058583006041573,1632.1070600685039
5.0,1498.9156996123936,0.4325351244221632,3241.6684431509025
5.0,1767.6100918503323,0.4320776464819656,3818.724041922313
3.5,1596.4786165696833,0.31169080985167824,1741.6269951832203
5.0,1360.5684385051577,0.1973382442032552,1342.460933864862
5.0,1970.439725338799,0.2732448369454791,2692.0624073054737
3.5,2047.2903860143315,0.11552882794718948,827.823705673247
3.5,1398.7996310523904,0.08069504285045115,395.06668658438764
3.5,2407.4970853555033,0.15074951398062053,1270.2515543448592
3.5,1521.0847874768028,0.20105321018440467,1070.3664281970596
5.0,1213.171560221566,0.17480385770326698,1060.3353439131051
5.0,2310.905241016607,0.2936688295013496,3393.204186089406
5.0,1626.4866943733764,0.4532340848276316,3685.896042043185
3.5,1372.731425131289,0.035521531507935834,170.6653289940716
3.5,1851.2069140330955,0.18509617208346105,1199.2795973268696
5.0,1407.9370551922323,0.21599826686521864,1520.559818884209
3.5,2543.1331351051563,0.10420700252244978,927.5429835869003
3.5,2067.26596927195,0.22441710071910725,1623.7544233375013
5.0,1427.9528693242605,0.16449962079474645,1174.488527583055
5.0,2491.607975790575,0.4176311829323141,5202.865931665033
5.0,2204.8119969283134,0.10383027420802128,1144.6311710910088
3.5,1009.3457335448802,0.052931916811629204,186.9931154075966
5.0,1835.3117640789915,0.2753665500990165,2526.9173441528596
5.0,1065.7141078990614,0.0747804037598784,398.4726564064522
5.0,1065.2455793777515,0.14481429899856485,771.3139591945458
3.5,1335.8594890450606,0.19410513485056963,907.5401519187659
5.0,1758.924436886959,0.16021646501107042,1409.0432774980811
3.5,1684.7903898199227,0.24235177348837342,1429.0917862515919
3.5,1367.62058184631,0.037045104194791026,177.3227643370305
3.5,2398.6245930091604,0.022819697704922887,191.57560842021957
3.5,1512.407294838512,0.4218379717030448,2232.9678897524836
5.0,1417.4685149040893,0.16679226575444472,1182.1139261822048
3.5,1116.5963933346998,0.4172165351449053,1630.5186743384045
5.0,2769.009427760102,0.18670055249198025,2584.8779500915657
5.0,2668.6988430390265,0.21526698333802088,2872.4137468933886
3.5,1155.0900226835197,0.4866421676054072,1967.4042934633044
3.5,1270.2970592845204,0.1016185824072212,451.8002524019418
3.5,2354.436030269142,0.33469513893087804,2758.0640298917842
5.0,2672.423789999695,0.17653734376328017,2358.9129864817214
5.0,2217.6117484608317,0.04004286495206598,443.9976387986599
3.5,1948.4423495492183,0.06506365852287319,443.70475688901263
5.0,1521.5928500685086,0.24479076600300168,1862.3593965648035
5.0,2723.070506607498,0.08200397502033896,1116.5130290123152
5.0,1910.9225727580229,0.18331632632256928,1751.5165296243667
3.5,2045.3826993936377,0.4365965049936969,3125.5242827544243
5.0,2772.49656418847,0.08755832931120514,1213.7758359069942
3.5,2446.747403924477,0.3452385523792982,2956.4903611904233
5.0,1958.0066234597111,0.15700271272378782,1537.061757071594
5.0,2658.294246789268,0.18479685328477277,2456.2220595583594
3.5,2151.8622899131196,0.11667694903395472,878.7545435489876
5.0,1670.3033238560524,0.18572717073427736,1551.10355303922
3.5,2017.0276614755765,0.49652794705199166,3505.2871136484164
3.5,2756.820617634477,0.4294619463949916,4143.823419089009
3.5,2088.791929173353,0.09030403911466056,660.1922182606021
3.5,1182.8351132325083,0.040539240080883984,167.82932821001287
3.5,2111.064111929178,0.25816773864756964,1907.5302677087852
5.0,1726.6231373054563,0.4211161089706675,3635.544086204002
3.5,1513.385349494549,0.1119490927201234,592.9774088414457
3.5,1343.56718023718,0.37856287345299366,1780.186283497031
3.5,1074.9651850339483,0.48538581828175076,1826.204995867338
5.0,1659.5392828364497,0.22492372074084435,1866.3487510558336
3.5,1193.709761690497,0.3080896357570519,1287.1936198760186
5.0,1375.8513009069,0.46095433004738395,3171.0230732718087
3.5,1148.2582203935654,0.22370102591160537,899.032896697162
3.5,2024.3571872403809,0.17868887894146807,1266.0554072778052
3.5,2544.274636484298,0.31733538539518846,2825.859303119817
5.0,1915.275037510302,0.14151458677065273,1355.196777427084
3.5,2061.2210478019856,0.40903956632371286,2950.923372215816
5.0,2468.552394480699,0.2872929206103034,3545.9881354495897
5.0,2049.5722009306924,0.21957731745509218,2250.197829054453
3.5,2494.325362676028,0.36623015988378704,3197.240117312594
5.0,2441.8255012861073,0.24380823717026553,2976.6858547298293
5.0,1835.2494621740198,0.1303491427468165,1196.1159706046974
5.0,1800.3882777198883,0.4381199203008848,3943.9298437264238
5.0,1838.3623073879892,0.3353076876908541,3082.085072141449
5.0,2715.838487152172,0.25860412425525486,3511.6351679435184
3.5,2756.319385479433,0.18301681103086193,1765.584744395468
5.0,1022.3358767260114,0.4126896964403304,2109.537413130583
3.5,2729.6382892512293,0.16284977639845075,1555.823447686243
3.5,2612.3642635608594,0.4791316326812739,4380.832241653449
5.0,1843.8939863243024,0.45703262126871436,4213.598509557074
5.0,2462.995140394343,0.1427215651711252,1757.6126072297793
5.0,1644.1120878981083,0.43443957916333104,3571.336817818999
5.0,2544.721127009265,0.1999754016698153,2544.408147556714
5.0,1584.1669493515342,0.37115524022530916,2939.8593232178196
3.5,2669.289503177432,0.02855202297560668,266.74765328143724
3.5,2128.6707195676317,0.48561573892238535,3618.0060154184844
3.5,2631.4245830312266,0.4637003213398298,4270.6734865658755
5.0,2211.1776985711813,0.061321038293739694,677.958561641733
3.5,2467.668336940099,0.3149125833588797,2719.8493380055093
3.5,1066.7565171188046,0.11801906408235713,440.64162013940705
3.5,2172.281373803974,0.37555704097838305,2855.3544772139708
3.5,1702.2874230223958,0.40529398273754025,2414.7439730426977
3.5,2240.356020813452,0.35083431322533987,2750.978180798199
3.5,1429.6548316752346,0.49533116748952655,2478.534089082578
5.0,1426.962330008589,0.2164073180672566,1544.0254541008117
3.5,2334.8795029173607,0.44976855282694966,3675.5438126835716
5.0,1794.15688361414,0.14328974345005638,1285.4213978111138
5.0,2701.8813909049477,0.3033781476637737,4098.458857899817
5.0,1025.134612078441,0.2693639787248548,1380.6716891900473
5.0,1719.5031902888904,0.40596857220430044,3490.321275311602
5.0,1023.6147607024636,0.20444562110444112,1046.3677776174452
5.0,1237.8741578589752,0.39656122699985036,2454.4644745598084
5.0,2550.1788797841987,0.32399300640011736,4131.200610596829
3.5,1890.2053441120036,0.4523184540188083,2992.4116565939084
5.0,1364.5952201375862,0.23150256384422113,1579.5364603571027
5.0,2395.4878727193545,0.3612315840801901,4326.629394536486
5.0,1464.3623234360675,0.4798258227327199,3513.194283107542
3.5,934.5182129740224,0.34046746489588287,1113.6056640460365
5.0,974.9380881914794,0.2598441740442653,1266.6599113520504
5.0,982.803622174815,0.1284222530309403,631.0692772332937
5.0,1132.407025505695,0.3873181541454397,2193.008994300968
3.5,1044.1824998285883,0.46273805624903047,1691.1404311897709
5.0,1289.8268326439247,0.23154959714034537,1493.2944173975422
5.0,2029.859957836327,0.05021537965922194,509.65094218901703
3.5,1632.1145304556198,0.06138684555025028,350.66626910489435
3.5,1252.3559931076766,0.23483700717055275,1029.3483666672926
3.5,986.4036516479214,0.09292069137596419,320.8005825041521
3.5,2599.8818770877206,0.1675330929545491,1524.4818826474466
5.0,2553.335179169523,0.3886993031346319,4962.398024061671
5.0,1636.6213427032721,0.3296489107705992,2697.552214830246
5.0,1300.1769229027182,0.3115734653417041,2025.5031471305676
3.5,2427.882029357238,0.3347459700709288,2844.5330379723737
3.5,2736.431706735317,0.3366606248773637,3224.3708291330995
5.0,1840.8244725007319,0.33837037637536566,3114.4023480052833
5.0,1273.9880238390851,0.4183494039538447,2664.8606520870885
3.5,1540.757496117657,0.17959799644147295,968.5093575671909
3.5,1067.107093690753,0.4544804407082053,1697.4275577819894
3.5,900.1237908058882,0.053030536392094076,167.06916606002466
5.0,1651.9698058874517,0.42933847904259714,3546.271019420065
3.5,2568.3592693185424,0.1085380505579006,975.6764787845201
3.5,1819.5330169957122,0.03755069024804209,239.13652251052022
5.0,1166.700281681659,0.10064639722122258,587.1208999412225
5.0,2782.3364409902374,0.07977493228661367,1109.8035058928692
3.5,1365.0322975393203,0.4442913738588572,2122.652261924099
3.5,1044.446331109797,0.05447749993715476,199.1458872808842
3.5,1908.8865007251898,0.4081820061981326,2727.1059251468937
5.0,1298.6569557406124,0.49748446472221,3230.308302421967
5.0,1797.3299261586772,0.34112286146261067,3065.551637018153
3.5,2489.4504166456745,0.4939413107785763,4303.748406706831
3.5,1733.9730864440794,0.06823251133542017,414.09668396638205
5.0,1593.8050022064085,0.1911753610310065,1523.4812335491713
5.0,1792.6224183758254,0.2307430821304156,2068.1761095605866
5.0,1246.5402059678358,0.4469000804293289,2785.39459152709
3.5,1755.5843053930469,0.4169362524100136,2561.883593781448
5.0,1289.5109569326946,0.09827627590114495,633.6416729053346
5.0,1042.954121689361,0.04664723196087021,243.2546141949464
5.0,2193.126594972416,0.3417720182783095,3747.7465135177963
3.5,1810.5305650238924,0.27718704907703645,1756.4946860396328
5.0,1596.6100309367507,0.37322029916422633,2979.4363669740937
5.0,1496.8629752613751,0.3178458969802089,2378.85877514208
5.0,1096.049109509311,0.1436657820420205,787.3237623705766
5.0,2722.2627190580733,0.17053930920385948,2321.26401789792
5.0,2708.233398987182,0.1615162877301623,2187.1190245562457
3.5,1242.6506621069097,0.2756343360659642,1198.8101657411912
5.0,1582.3473974523786,0.48150392013386845,3809.5323744347234
5.0,2173.8780226394765,0.10398451999623046,1130.248313572603
3.5,947.0141569035253,0.24684666717803416,818.185509407179
3.5,1377.872157383393,0.1401042870959131,675.6602871182781
3.5,1686.1422644341533,0.1932953867311772,1140.7323238065387
5.0,2666.786557330205,0.2737022974099355,3649.528037216049
3.5,1171.0481154974939,0.4818151165053134,1974.8003947061347
3.5,1939.8546746604993,0.07522896559634393,510.76641203679577
5.0,2369.932196339446,0.1768718678112831,2095.8716707632716
3.5,2270.040322801796,0.4974593105415966,3952.3844285891164
5.0,1459.745550557614,0.2628087231498134,1918.1693213283397
5.0,1554.1285568157086,0.353725447785173,2748.6740983768063
5.0,1936.7464981736205,0.1611323765673893,1560.3628302964219
3.5,1502.363425150379,0.0835000295385911,439.0658663221445
3.5,1213.616199989075,0.22752930947360106,966.4663958232148
3.5,1457.6572491577585,0.025459526669038578,129.88942263237277
3.5,1833.4817519607104,0.3365791738847395,2159.891206926883
3.5,1815.5423216460583,0.28762067288465426,1827.6562647084234
3.5,1684.8765566887055,0.1780598651906704,1050.0311239141915
3.5,2532.289032862335,0.136293068245839,1207.9670469093353
3.5,2309.461628301321,0.42832333654592225,3462.1870859058013
5.0,2252.248644446954,0.39924388787287424,4495.982526327064
3.5,1909.6544970201458,0.45398522903246813,3034.3422697090073
3.5,1320.48609337327,0.21417801427502656,989.8668127476599
5.0,1467.0168715553457,0.02583069426027138,189.47032141902972
5.0,2521.839692362467,0.1589828942491858,2004.6468656213067
3.5,1736.6240945632785,0.021561189417868967,131.05288367679913
3.5,1962.6290320537635,0.3674126208876957,2523.831367740041
3.5,1961.852949021523,0.2637862312755119,1811.284285086978
3.5,1330.7299203185912,0.31691216348633966,1476.0357432245921
3.5,2485.24559709426,0.08218986327901986,714.9169854398716
3.5,1915.0125008966693,0.20819210920785772,1395.4167210238222
5.0,2020.920487466716,0.08826048574518272,891.8371193810191
5.0,1759.6672438838184,0.26960550654452137,2372.0798931854933
5.0,1166.0976898811182,0.3808255075054269,2220.3987227494135
5.0,1393.8066961557122,0.03479033973101196,242.45504239308298
3.5,1651.1699428335778,0.41432225774993436,2394.407605252733
5.0,2348.2347205130714,0.16973257300628028,1992.8596056768354
5.0,2723.973364213284,0.056975575795088274,775.9997543826779
3.5,2554.883864731344,0.4202939175967662,3758.3075197944604
3.5,2356.413128459886,0.21963092169929252,1811.3941555778538
5.0,2483.1754325522934,0.14663897777237409,1820.6515352947056
5.0,1582.8568684907311,0.3789525294454808,2999.138070323577
3.5,1547.4952390230671,0.35120737740011804,1902.221105527611
3.5,2331.1811287288137,0.021023292113829323,171.53185643829272
5.0,2439.356412547121,0.04901221599495622,597.7913169022052
5.0,1218.652676713356,0.36340221114028765,2214.3053866483187
3.5,2087.794966824201,0.35685013846810754,2607.6047305148195
3.5,1139.1919670067764,0.24246972716924417,966.7684790173469
5.0,1540.5155316023438,0.3974948021300509,3061.7345820627193
5.0,2511.823059420517,0.24148514300000212,3032.8397534743317
3.5,965.8602571339587,0.422980586122325,1429.8904818617348
5.0,2390.6126100721294,0.10358848033628276,1238.199636750632
3.5,1821.1224134207764,0.19527972473456773,1244.6989926026629
3.5,2199.8110588206537,0.3104785113363413,2390.4792196735
3.5,2424.2014336395623,0.4398552941723504,3732.0424215429716
3.5,1865.0090282780461,0.036904721990865655,240.89673894669528
3.5,1425.689178370381,0.09694670489736659,483.7555381779482
5.0,905.8714902261555,0.3315460501478504,1501.6905726301447
3.5,1151.0589429290478,0.32138595302314704,1294.7696137567389
3.5,2365.4732709831496,0.07504286283873969,621.2916017808269
3.5,2430.240339679296,0.2471766314103522,2102.445172378175
3.5,1112.660912836563,0.11935858702147856,464.8197203657023
3.5,2605.6655224314345,0.40180127190185416,3664.3590237231588
5.0,1710.1124561850256,0.49735734466101433,4252.6849513995485
3.5,2019.5090629967535,0.2538769769200402,1794.4739952168359
5.0,1225.3539529593672,0.06698359181054085,410.39304504231467
5.0,1740.3909981459133,0.19468331128979516,1694.1254122899907
5.0,1300.6794399494652,0.4007525408201155,2606.252951761165
5.0,1341.2986288455763,0.4776311398705627,3203.229965011677
3.5,2574.1357600651945,0.18974654222529835,1709.5167589180132
3.5,1793.471167482953,0.11683803414659509,733.4097592755746
5.0,2667.2667939476287,0.21840584550070444,2912.7332965404253
5.0,2187.9070657739685,0.11619973202141314,1271.1710736534574
3.5,1580.0883759206008,0.03806355719226493,210.5032449299038
5.0,1340.0373768539578,0.32558185087595964,2181.459246995387
5.0,2158.1485519029093,0.2288492987533552,2469.4539135427485
5.0,2422.7478142461687,0.2081794810997016,2521.8319140260182
3.5,2398.2976551786896,0.02108805378835837,177.01400483515687
3.5,2150.6868622701686,0.22739863929010432,1711.7214310676911
3.5,1253.9982558316588,0.34530095007078604,1515.5237619402312
3.5,2705.7330664872366,0.07538263129486983,713.8784734667071
3.5,2344.0424660303524,0.4913419955319674,4031.042760048595
5.0,996.4030892532845,0.05608610192856901,279.4218261290038
3.5,2719.2394712922924,0.4793944775362103,4562.559349726032
5.0,2223.1320905905995,0.04214267297068556,468.4436433219807
5.0,1097.6060542738066,0.13881499479077294,761.8208935316966
5.0,2136.3767478830987,0.40025272631071007,4275.453088835094
3.5,1107.8183010908217,0.4941690376372192,1916.0732630443267
5.0,2134.1677999009607,0.2630225634649846,2806.671427971885
3.5,2341.2945997647835,0.45455384952229966,3724.8556561609894
5.0,1269.7087793813084,0.20239203788632426,1284.8947369057014
5.0,2561.8912256406,0.09080143728544134,1163.117027285637
3.5,2412.928340264848,0.21407783163843044,1807.9406344398544
3.5,2304.0186839319917,0.3192362418144204,2574.3419300502956
5.0,2599.8262230247,0.30488069476568896,3963.184125729138
3.5,2515.8965036120926,0.42603551119101046,3751.514385570188
5.0,1555.682753484044,0.31446832809890896,2446.0647727021724
3.5,1841.8671058513494,0.2316500862540186,1493.3403587861662
3.5,2210.871571869572,0.17893210384006306,1384.585655861834
3.5,1526.8716682119268,0.038755082445235886,207.10913084696827
3.5,1447.1982918385327,0.08837340555072369,447.6284454493643
5.0,1982.0133953908605,0.4456305171514527,4416.228271945679
3.5,1498.1842809992172,0.26034124397624153,1365.137057973455
3.5,2447.478260710558,0.0976652840972324,836.6178087893389
3.5,2274.59414586671,0.1690060172358008,1345.4703409728027
3.5,1804.4377924057155,0.3416153239348076,2157.4826034051066
5.0,1745.0727729930531,0.49503499030427445,4319.360416294347
3.5,1326.938361644069,0.16667973250825832,774.1080591082299
5.0,1615.7001232775788,0.15181421831367697,1226.4312562234857
3.5,1149.1070503951864,0.402444074926899,1618.579633608939
5.0,2538.137208603917,0.3890370620084721,4937.147213048262
3.5,2228.559667857869,0.4611879203257048,3597.2467948938993
3.5,1792.4194372437098,0.3392161053508843,2128.0613922996226
3.5,2394.5853301509355,0.1850219141096577,1550.6776644920146
3.5,1203.3624656061288,0.28894040801643317,1216.9501463136355
3.5,2478.6043159388532,0.11833512793364269,1026.570855882261
5.0,2540.265457169775,0.44775801070312726,5687.121038801042
5.0,1669.7759762284197,0.17366461692420126,1449.9050263047136
5.0,2203.8786440027043,0.09301897943530794,1025.0127113220094
5.0,1124.74415519423,0.4205712804915977,2365.175447877388
5.0,1632.0179043865614,0.23163057698263306,1890.1262441952344
5.0,2574.567993732563,0.3577134846198552,4604.788442144123
3.5,1338.1190368484324,0.34429570157470074,1612.4802140376785
3.5,1643.420585675282,0.25832902956129244,1485.9013577049127
5.0,2332.1632755306814,0.14930604307351394,1741.0303523542566
3.5,2054.710902002217,0.2674554769786134,1923.4028952185597
3.5,1204.8741419067228,0.4018677893829221,1694.7003776244496
3.5,1865.8881562577967,0.45770539679954614,2989.094776302419
3.5,2407.8504479693956,0.07091638509862487,597.6461736983292
3.5,1901.3821115216151,0.36202819721760365,2409.238783195898
5.0,1624.6105369210504,0.3057061018899958,2483.2667716577375
5.0,1239.7507878568465,0.2956217397574507,1832.4864238595558
5.0,1771.7103306622848,0.3361872340107833,2978.131977668419
5.0,2490.732571483152,0.16164364245638826,2013.0554261965156
5.0,1613.523973610867,0.33453188602225015,2698.8760901707933
5.0,1495.4231960073976,0.24705981694636786,1847.2949053147001
3.5,1288.9402451238218,0.05959633449991005,268.8563989957837
5.0,1243.1368561761087,0.08703936713570841,541.0092261232134
3.5,1709.4900134470276,0.07331115011705042,438.63637649794754
3.5,1685.0461438373525,0.30926908748774107,1823.964391477602
5.0,1602.0968977368561,0.14476165145785228,1159.6109635594457
3.5,1928.7178453237568,0.026232154979887415,177.08048900852557
5.0,1412.62207140134,0.3366171326198673,2377.5639557532827
3.5,2282.3140345239367,0.12187635798040591,973.5604280337033
5.0,1305.767505589062,0.25514915057553755,1665.8273495009385
5.0,2467.8104911550677,0.3278933774252108,4045.893583951017
5.0,2683.0241999818263,0.3112286720545797,4175.170294253225
3.5,2657.8968254769734,0.3161742025184705,2941.254432100448
5.0,2197.6148801600048,0.39256408875913334,4313.523414367622
5.0,959.2821496582811,0.03491154000874885,167.45008573736843
5.0,2374.616224083952,0.29591329049043785,3513.4025026033055
3.5,1017.9883036807573,0.16503220872099497,588.0030037300103
3.5,1164.7619115112577,0.06370543458504369,259.70582316325806
3.5,1362.7672744625083,0.08413352364384294,401.29044447466396
5.0,1730.0205119832026,0.1014879046029324,877.8807834063377
3.5,980.4908435106372,0.21377180634017598,733.6045455104511
5.0,1747.6575171616996,0.44127921494450767,3856.0246858249116
5.0,2310.5141031299054,0.45091616136675383,5209.240750835425
5.0,2085.0099701611657,0.12879266444294768,1342.6699472358368
5.0,1165.9800994325456,0.18411342443870293,1073.3629446695265
5.0,1044.4215770882486,0.46504068812388205,2428.492644502746
3.5,1109.859997751876,0.3798077655001706,1475.3670601745755
5.0,1168.962921911779,0.3731552357031807,2181.0231732713432
3.5,2164.4062906798817,0.1804741963211673,1367.1682003802566
5.0,2451.94151819103,0.2587972544526847,3172.77866493193
5.0,1152.4005768709428,0.23519497836060338,1355.1941436995412
5.0,1571.2908813101708,0.3878777442420597,3047.3438129535352
3.5,2583.5598487391553,0.41093884162530986,3715.8978202868525
3.5,962.2918045095917,0.24887322628066183,838.210331041097
3.5,1626.2911473724198,0.048496904687958295,276.04530369146704
5.0,1507.3209721090934,0.06376533326980378,480.57412065550477
5.0,1562.087816207783,0.46296213349105975,3615.9375404597276
3.5,1784.9955390626706,0.4404179142341833,2751.5040428095604
5.0,1100.526969578617,0.18908329757719144,1040.4563424027917
5.0,2108.87411649377,0.3729500486526612,3932.5235217434474
3.5,1111.4906461186458,0.02587700145939895,100.66715775102168
5.0,1083.5971607409783,0.2893679918669348,1567.7916719816453
5.0,1451.2919896248277,0.3517647265798291,2552.5666495893684
5.0,1925.6192458927555,0.04056161253688229,390.5311087273271
3.5,1538.02194770615,0.298441231898094,1606.5320766590526
3.5,2697.417640179078,0.2897121649174371,2735.1614647796773
5.0,2291.994911164232,0.4415549389571115,5060.208365445663
3.5,1609.4631769099888,0.03522670153494323,198.43627637571396
3.5,1979.72324549047,0.3832032590594742,2655.2273989771165
3.5,1028.1766945298523,0.2505465690792724,901.6215012760256
5.0,1298.4494047990622,0.130187284420065,845.2080098381981
3.5,1339.4789856348352,0.34992555610840004,1640.5127513032485
5.0,1126.82740414528,0.1397485620549038,787.3625470668143
5.0,1253.3680509225746,0.3241217516785722,2031.2192408149137
3.5,2170.0773434576313,0.42122559922632585,3199.3224527789494
5.0,1033.9371072203344,0.36436123163913503,1883.632989121027
3.5,2205.6083048502505,0.4019431025392274,3102.851657632285
5.0,1770.355804668799,0.05418418824461546,479.62646090060946
5.0,1584.4677868023714,0.4953467268695523,3924.3046601139913
3.5,951.0255192956481,0.0917356643710451,305.3503524624156
5.0,2159.0873512675707,0.14548194112751486,1570.5410946313539
3.5,1638.660217703894,0.18518989162452693,1062.1215784410274
5.0,1601.858365892049,0.3683795143223785,2950.459034202759
3.5,2301.002180809489,0.28393269159797885,2286.6540989952005
3.5,1952.737502700197,0.09252559221325793,632.3736785603093
3.5,967.6435519115104,0.3181217021553044,1077.39944834793
3.5,2709.877366311721,0.050936847365877516,483.11413425823196
3.5,1544.4219461065868,0.1326025280305679,716.7798903986801
3.5,954.9038375344672,0.3325646812737357,1111.48551631851
3.5,2186.9955011683755,0.11721611181068319,897.2288821804469
5.0,2263.3754768584095,0.11235222359577111,1271.4763382859055
5.0,2578.541140033243,0.28616232479200215,3689.406636018662
3.5,980.9470640602722,0.28478605613953106,977.760159793819
5.0,1593.1218570086594,0.42369276345651447,3374.9710105948648
3.5,1815.3890389941032,0.4678314214501937,2972.5361210919937
3.5,1137.472361205477,0.49267195960506605,1961.4025801709636
5.0,984.3776410815799,0.07220640314262414,355.3918439826096
5.0,1398.6995595491521,0.3294406210793588,2303.942258006491
3.5,1572.405368276349,0.1411943996239134,777.0519117871913
5.0,2222.251201408969,0.1945034276838605,2161.1773792431077
5.0,1302.7861160137118,0.26915754188933744,1753.2735429690392
3.5,1175.519835835384,0.25491680205151174,1048.8091505474595
3.5,2621.488796717267,0.1866560203784516,1712.6083319167926
3.5,1225.1729016144889,0.38213830162261203,1638.649221359529
5.0,1074.6977933975932,0.15623215330532128,839.5117520749163
5.0,2213.5481216738594,0.08723291104893532,965.4712320025682
3.5,991.7141816749415,0.294809651985705,1023.2841946910721
5.0,1735.4737722428722,0.42969477707536613,3728.6200784202288
3.5,926.3401458704546,0.08303154842731847,269.20409838704165
3.5,2138.2784619395147,0.053219860448839494,398.2960847081304
3.5,1372.2104571177676,0.1291441990217756,620.2455713082253
5.0,1605.1580534320808,0.08605745257199308,690.6790652689202
3.5,2024.5017609017252,0.24142284813188697,1710.6634340772023
3.5,2164.96299467237,0.09173469333732225,695.1077574102223
5.0,925.0118314363917,0.20334917022399387,940.5019418498357
5.0,2508.810515394768,0.04986274601641873,625.4809076622495
3.5,1854.106855927403,0.08170113169940538,530.1891994731332
5.0,1251.7432539368483,0.03593060314769856,224.8794505000688
3.5,1833.4829097332135,0.39713585288304304,2548.496296861841
3.5,2421.124147554538,0.3839712832426608,3253.747510392082
5.0,1782.5166001225002,0.47237452494634397,4210.077160959191
3.5,1967.2141754124168,0.20129346080453397,1385.9557232937602
3.5,1156.265188101842,0.1890651049566979,765.1328970118778
5.0,2666.4240042384768,0.2656443019076536,3541.6017159787025
5.0,1897.9260808701704,0.11068335363283545,1050.3441178896726
3.5,1442.7634188661605,0.050741294677760035,256.22689325443133
3.5,1211.1422822759473,0.08672949600161164,367.64615904812104
5.0,1634.1939825486822,0.29763974349178457,2432.005388908038
3.5,2390.5944222806734,0.03940562108989376,329.71000294401995
5.0,1542.0380681125666,0.32671993978849373,2519.072923826515
5.0,2320.626229636939,0.4563797182812742,5295.433724589209
5.0,1404.7322928832236,0.161395059669296,1133.5842611463743
5.0,1870.2746942581166,0.25363949166201083,2371.877613599757
5.0,1511.6450098093774,0.08203488236867654,620.0381028145458
3.5,1966.203009695633,0.3337643001915252,2296.8693004793677
5.0,1240.5765487145354,0.28637444711364257,1776.3471162013798
3.5,1466.9042956118788,0.33062155583066555,1697.4656316446005
3.5,2035.9160922488047,0.4412513558265214,3144.2275761883643
3.5,1931.5359700080887,0.3088866825039744,2088.1900826951314
5.0,1760.4846390005193,0.06288719542740998,553.5597076988948
3.5,1476.5550188252691,0.3480641867232554,1798.7757262284542
3.5,1261.0834837341272,0.12669230822202635,559.1935209523277
5.0,1664.0714986660012,0.2066673294445579,1719.5460631705284
5.0,1356.1525510988351,0.28823368744718164,1954.4442527205983
3.5,1677.5562324409125,0.25699475328888044,1508.9310252953162
5.0,1710.1807096790988,0.2523075494835793,2157.45752016611
3.5,1434.7173563732497,0.18901273748773426,949.1294926724559
3.5,1140.9647899271056,0.27011411282959086,1078.6674220033622
5.0,2464.948257909475,0.2835477594052838,3494.6527779009466
5.0,1755.9639914153167,0.4342310677178789,3812.470594332106
3.5,2738.7100893698034,0.1431183222922296,1371.8585763239296
3.5,1131.8553086433305,0.2191026827547497,867.9738711488563
5.0,1161.2345402283804,0.023440354921637242,136.0987488510874
5.0,2549.6877060724128,0.26190495267369673,3338.8791899580083
3.5,2420.322504520188,0.23706118225116607,2008.1758002273066
5.0,2262.5465134051015,0.09141488677488119,1034.1521667291477
3.5,2013.8327780606205,0.23111227807530624,1628.9751835010943
3.5,2790.688983601674,0.29181749031508397,2850.3014940560756
5.0,2281.590976879329,0.3089956990336756,3525.0089940487746
3.5,1926.9620284889174,0.48184324129292716,3249.7277037942285
5.0,2674.006963601356,0.4275294876865514,5716.084136093793
5.0,2061.996824872448,0.4687608180437259,4832.916592153871
3.5,2349.1319061480203,0.3769196647385407,3099.0190367217233
3.5,922.367970509292,0.13671278842239712,441.34824019941436
5.0,1635.3496567899283,0.09823333798825169,803.2292778220822
5.0,1732.969436052861,0.48047860798382286,4163.273711565946
5.0,1637.1396092660561,0.1056365008969601,864.7084990134132
3.5,2719.172457652324,0.05245524540317383,499.22200495896385
3.5,1720.9361951479057,0.2770649558266207,1668.8388881118053
5.0,1411.4231228658573,0.21397628907607838,1510.05541073503
5.0,2310.9690803806284,0.3408429997915431,3938.388168912185
3.5,2088.283485653251,0.4382908615763791,3203.464488499406
3.5,1106.0981677896773,0.37656745473578485,1457.8220010636585
3.5,1360.3089341203724,0.2388363735337193,1137.119384487901
5.0,2779.6940794015973,0.2649552713599387,3682.4729955273256
3.5,1618.4616076454247,0.4816669208540178,2728.4579667625535
5.0,1153.2394656997242,0.04693654228737782,270.6453647464405
5.0,1470.2122032284897,0.17002557045881114,1249.8683427471476
5.0,1189.6317269224696,0.22825866133622266,1357.7187273521085
5.0,1797.2707757323974,0.3662883197646339,3291.5964630255
3.5,1171.9822856345913,0.4562664530557379,1871.5767017872809
5.0,2150.674323093922,0.08683780116890252,933.79914623947
5.0,901.1216106317802,0.36875987017516415,1661.4874407430507
5.0,2224.849816364163,0.22750617754312433,2530.835386642664
3.5,2330.6663983926046,0.07878992059020713,642.7155715806608
3.5,1945.315684116472,0.1461659695588876,995.186335734482
3.5,2771.8091392152332,0.4476646344710839,4342.94323795639
5.0,2527.2247320191786,0.4637592465878249,5860.119188396659
3.5,2405.8857883307796,0.4669293531700258,3931.8254323118704
3.5,2658.8098070706947,0.11619861729659095,1081.3250813268066
3.5,1041.3588997483196,0.1622316542175903,591.2948192913288
5.0,1051.2130609953977,0.21143166902856203,1111.2986599544024
5.0,2337.7615296094837,0.3701271304599365,4326.344833269951
5.0,1346.8428992551771,0.08514167745108438,573.3623185283382
5.0,2016.983096407043,0.2897738401457239,2922.3446867744083
3.5,1748.2392313181256,0.4046994670474706,2476.290198150738
5.0,2714.4650666353264,0.3208142194630032,4354.194958061006
3.5,1974.0405420063123,0.3718939376757722,2569.467986044201
5.0,1999.3097615255654,0.07722724646035561,772.0059385196482
5.0,1221.0949216131519,0.1544904094961438,943.2372723683872
5.0,1701.1293371159763,0.22448019064023367,1909.3491894974436
3.5,2351.6397958408666,0.16291353971745598,1340.8988714830487
3.5,1597.1550790313217,0.4473500222409624,2500.7057604442475
3.5,2035.6719240643977,0.0836661606033798,596.1089894709706
5.0,2294.116605326267,0.34304791125232925,3934.9595481323004
5.0,2657.4497698351793,0.37345617963807265,4962.2051931136075
3.5,1219.8520251811685,0.4377524000486116,1868.976031045256
5.0,2445.6349558438087,0.1440656746936332,1761.6602498398609
5.0,2647.7651590587748,0.1570043904691675,2078.553774517606
5.0,961.3398084730974,0.17210461938458205,827.2551091825471
5.0,1612.7152596404903,0.49761578527792205,4012.5628517784526
5.0,1324.092787509443,0.4673682757730069,3094.1948153088138
5.0,2423.251359008984,0.2290452059618135,2775.170533107286
3.5,1784.555511069807,0.3800437320265022,2373.73197752401
5.0,1658.2171307492267,0.21580265759991557,1789.2383184669488
3.5,1699.7639307960362,0.11521353928334879,685.4253644461596
5.0,1480.849506235357,0.11782758714081419,872.424621191891
5.0,1229.6801161106077,0.1718149250874417,1056.3869851553034
5.0,1757.3672251689334,0.14330712853680236,1259.2162541182402
3.5,1052.9522504086572,0.06569032936609051,242.09073047638816
3.5,2441.1570530606127,0.05040492435635873,430.6621781052913
5.0,2440.115770701005,0.4558495793369009,5561.628738036955
3.5,2517.120966398865,0.48763448988980174,4296.022494542924
5.0,952.0120655927967,0.21024781365946113,1000.792276841565
5.0,2748.314174775317,0.2891624435002596,3973.5462114221514
5.0,2059.1005997869543,0.48134087469279774,4955.646418909585
5.0,2483.894628202708,0.0849857866841484,1055.4786950916873
5.0,1407.933984665992,0.4731684070698138,3330.9494039193155
3.5,1100.6285562620217,0.04449062757269594,171.38679317384668
5.0,1873.6763211322198,0.09872460802169539,924.8898018165532
5.0,1642.857645276463,0.17043738455460253,1400.0218012822668
3.5,2049.1795481776326,0.41695123116492455,2990.427774217267
3.5,2358.3151807386494,0.4352913610578026,3592.9397868945152
5.0,2278.2276485274024,0.12449312603400257,1418.118408911356
5.0,2568.890944778996,0.08162156372514029,1048.3844797610734
5.0,1840.626639159579,0.328501845362909,3023.2462379402546
3.5,2120.666923748874,0.22830663615517766,1694.5681611832892
3.5,1301.5327809746993,0.32095020122761475,1462.0452278535838
3.5,1094.1639731790015,0.07184850603615453,275.1491639102301
5.0,1713.9060100706401,0.25680428625067764,2200.6920480846875
3.5,1566.970034921675,0.23546094640873386,1291.3608659587453
5.0,976.2046462505109,0.09615462210532022,469.3329442883784
3.5,914.483259674847,0.06384196938575586,204.3384429378173
5.0,1819.1096630323996,0.46260998608139425,4207.69147947974
3.5,1316.8668564326924,0.31000812035477987,1428.8379662207235
5.0,1324.446363963397,0.34272849624049606,2269.627553361839
5.0,2241.261029495891,0.18032427330199835,2020.768832119676
3.5,1560.3674007638824,0.17684366007512062,965.7937877454564
5.0,1815.3911943938429,0.2143445704767168,1945.5962290478108
3.5,1196.2429237823899,0.08095179091057468,338.93302465500295
3.5,1043.2032276419473,0.19174472047859187,700.1004895029951
5.0,2618.904954413255,0.48578816031092165,6361.165099167865
5.0,1360.5845076121232,0.2520499217742552,1714.676093554496
5.0,980.3631044957028,0.302358282209634,1482.1045210851232
3.5,1015.8084217466132,0.28880914989859013,1026.8116836056377
3.5,1769.3778326656188,0.28011222115095336,1734.6852416712923
3.5,2024.4139177568084,0.48448558482997794,3432.7977630882397
5.0,1499.9346800863723,0.337494176853048,2531.0961009454504
5.0,1741.53077989465,0.29016193664927903,2526.629719142805
3.5,2072.7504279683235,0.31008661470727217,2249.5625716961144
5.0,1744.3344536211873,0.40619159805741006,3542.6699963149463
5.0,1650.853967467319,0.13203878210211728,1089.8837364641656
5.0,1401.4287518254475,0.3984250391722429,2791.821526715807
5.0,2308.8273516552836,0.4809025791487791,5551.605141101355
3.5,1089.7911992045456,0.3582967093584553,1366.6401019697773
5.0,1476.8916842854112,0.3428818281933278,2531.9966037565246
3.5,2701.745474173819,0.2138146256064289,2021.8544396551856
5.0,1232.1434647169287,0.21044816038210323,1296.5116273825429
3.5,1148.4212327193754,0.3385226634710089,1360.6831507038783
3.5,1356.8909512089867,0.16495064674578594,783.3701398789947
3.5,1247.8433586997508,0.1312016160131154,573.0167281742432
5.0,2720.2411129703996,0.48641230869192636,6615.793799793137
3.5,1204.9440116246822,0.09727602073820887,410.2425553211411
5.0,1081.1918009546862,0.4202745688999697,2271.987090222063
5.0,1761.945394249963,0.30471390228620854,2684.4462834855926
3.5,1522.555701839612,0.28329088321112383,1509.641523292967
5.0,1832.451628111528,0.19758997589713553,1810.370365156118
3.5,1868.3060660258357,0.47671320620005836,3117.261612143679
5.0,1676.1716647917438,0.2987109646897777,2503.4542748780623
5.0,2588.460452797277,0.06564715748701377,849.6253549684491
5.0,2603.5870161733933,0.45444813704133785,5915.97634562507
3.5,1728.4279350094237,0.11048097907792949,668.3544368391975
3.5,1203.7061074773228,0.39098434334122756,1647.2058470274615
3.5,1753.5479203707848,0.40318969825598466,2474.5435991209715
5.0,1892.7194735161597,0.10348475751289117,979.3380787837341
3.5,2211.5163176903543,0.14003630737289954,1083.924025884943
5.0,1038.2029479456087,0.19820503489653238,1028.8852576362108
3.5,1622.726500108242,0.34703799255701173,1971.0171147332042
3.5,1329.9992969169828,0.20240124067763715,942.1772772873384
3.5,2366.3595993012104,0.09899520694281047,819.903903818753
3.5,1487.8604971139498,0.07904775248882831,411.64209909818993
3.5,1156.417918317158,0.16132143959785547,652.942511758877
5.0,1834.6620183519717,0.02187524262354857,200.6683839182935
3.5,1404.4973417945198,0.1398775890522578,687.601957001828
3.5,2395.977543040627,0.34535545990701777,2896.123742062888
3.5,1962.8887729609323,0.48933839299823195,3361.808932282409
3.5,2414.9018146331764,0.27259118103841257,2303.983282099321
5.0,1813.0203583368993,0.19598505928666785,1776.624512082965
5.0,1714.9386362194377,0.35363625790315395,3032.322409230901
5.0,2003.2476587194387,0.09806773875258955,982.269840260173
5.0,1287.1088494841563,0.12406406839577071,798.4198016760205
3.5,1790.1860362090683,0.25083538801296795,1571.6470315276456
3.5,2017.5631941172308,0.29869523514166596,2109.227794380059
5.0,2644.0352620448048,0.2876387931954823,3802.635559704342
5.0,1145.7851237280524,0.38737121536886543,2219.2208796505074
5.0,2372.3903868887237,0.3925908678470116,4656.894004302759
3.5,1314.3327767980727,0.3818860258371446,1756.7386226562016
3.5,2502.5249265581283,0.37921627012878,3321.493589937854
5.0,1986.894927734656,0.452864855369223,4498.974420411989
5.0,1568.4379933382397,0.35866093289690304,2812.6871694081983
5.0,1437.155857219448,0.3713058668328755,2668.122006694057
5.0,1592.3759429165088,0.468239329560903,3728.065219600684
3.5,903.2424976118441,0.07250966870044605,229.22834990299387
5.0,1791.7781720738737,0.38152958804569603,3418.0819393030765
3.5,1813.902340504042,0.4698106825472144,2982.667438331678
3.5,1025.3381359975251,0.4896885936357921,1757.3373643622042
3.5,2687.252787826552,0.4338747142447562,4080.7586239758434
5.0,1852.101942426981,0.22170061840407593,2053.0607299172593
5.0,2094.858982065348,0.4863877817200633,5094.569066515572
3.5,1502.7178962346948,0.02949320437244801,155.1198810972474
3.5,1924.6422610993118,0.07300510472139275,491.7804843797068
3.5,2047.868621322016,0.13869690561289574,994.1156430768871
5.0,2661.6072378446497,0.26377943229381107,3510.3862309388014
5.0,1828.3768243901918,0.3990293292328139,3647.8798891062033
3.5,1839.8146223188505,0.12484450282655182,803.9175963574598
5.0,1895.4382283243112,0.3951168166038136,3744.597594223371
3.5,1775.809195038909,0.36079694760473197,2242.4728798445904
5.0,1825.7843178758299,0.1850512690257838,1689.318524951487
3.5,1617.179451254823,0.43598515870560156,2467.731838987701
5.0,2032.2290452459,0.3475741718414897,3531.7516369678247
3.5,2276.201110136157,0.16185417137985178,1289.4442560124523
3.5,1874.9772166986745,0.4030748696976637,2645.146690574172
5.0,2649.092293275735,0.26330268489871506,3487.5655668199765
3.5,2634.6724020860484,0.4846637469695525,4469.2556945130345
3.5,2573.057764311471,0.11068104671751569,996.7605431651855
3.5,1155.5905488824626,0.17459417765434398,706.1578355554294
5.0,2521.5960664022928,0.4471724294963003,5637.941196107137
5.0,1312.3674865860526,0.1653365264864875,1084.9114085296994
3.5,1638.6391072575402,0.24567712353150756,1409.016498320445
3.5,1528.8828546874688,0.30967234740574684,1657.0845988181375
5.0,1307.741832864851,0.3850350578599432,2517.6322614149303
5.0,2757.9986941723564,0.10734823949436051,1480.3315217357383
5.0,1560.245466516059,0.3665539532615784,2859.5707190495855
5.0,2332.4730831167535,0.18010762375797412,2100.480922397971
5.0,1825.589441909617,0.44217720712138225,4036.170203869387
3.5,1464.3962565462,0.15661783558707848,802.7270024973008
5.0,2643.856654771159,0.11747909443139931,1552.9894280447224
3.5,1596.3052072564078,0.2731555862129821,1526.1388963203597
5.0,2388.536575777752,0.05234170229022309,625.10035179334
3.5,1171.848344181767,0.47629158354606926,1953.495262341606
3.5,972.5257715512591,0.2387790052655842,812.7655771415406
3.5,1319.1408767029443,0.28974340015111716,1337.7432701298285
5.0,1173.6354497494226,0.3885969212204374,2280.355612038945
5.0,1570.5665232591787,0.4578181356507919,3595.1691879703158
5.0,1920.7372515809375,0.049429780339238616,474.7081021751932
3.5,1291.7311507600425,0.048031560206976395,217.1535188863526
3.5,1834.3367470484668,0.3094316147403962,1986.6062356589848
5.0,2197.311618983718,0.44594227141399734,4899.370671869835
5.0,1688.9902450651539,0.09557069203650663,807.0898328189284
5.0,2604.5561561775803,0.03842182380378209,500.3589885985547
5.0,2510.3569817640146,0.01964698978626746,246.60478990301402
3.5,2043.1786261336615,0.1487211027978819,1063.5232247208078
3.5,2724.349489673551,0.47858989752159903,4563.461500765599
5.0,1316.6463067945658,0.2898408458678106,1908.0893963503293
3.5,1192.280161885329,0.216837749591356,904.8597151497132
5.0,2058.5633416741543,0.04908292274559292,505.20152733151065
5.0,1438.1572676178375,0.16811549045132682,1208.882571958564
5.0,2175.302607046659,0.12994986458149882,1413.4013960474733
3.5,2188.372999790212,0.4808289009726,3682.815445425338
5.0,2376.7586333733934,0.08305180262242012,986.9704445003002
3.5,1600.0021695613427,0.2979507526192967,1668.5264771465838
3.5,1867.6113696673387,0.38156405799100246,2494.146805361414
5.0,2456.6861905833616,0.38695614454402577,4753.149083313437
3.5,2781.325597720891,0.15724554340580166,1530.7286925073067
5.0,2329.6933820277823,0.08106937824306203,944.3339698898434
3.5,1834.8391286398314,0.4288587539964387,2754.103878723363
3.5,2268.5840115866113,0.04362068355366662,346.350148495145
3.5,1473.9709343896966,0.1897465368396577,978.8830807096573
5.0,1382.4682471374504,0.25895670400013876,1789.9971033178172
5.0,1149.7710365950559,0.06647093092830582,382.13175578438273
3.5,2718.8107911982015,0.1799743057345529,1712.6062959932738
5.0,1723.3920340874897,0.1124659311220769,969.1144490100982
5.0,1753.1571404946726,0.19949346902094775,1748.7169984806367
3.5,1449.3984281767375,0.30171801594540726,1530.58366322357
5.0,1868.9759153749974,0.07895904563855609,737.8627729972828
5.0,2715.7687827974987,0.0972324309622821,1320.3040034143933
5.0,929.245267970721,0.162612763794531,755.5357063385426
5.0,1388.8447140969583,0.41094197291321105,2853.672934405443
3.5,1127.0074123666877,0.1381345806720632,544.8754371255279
3.5,2103.5369266273988,0.2778593359082951,2045.7058072194277
3.5,1910.2018942191235,0.3887159137330401,2598.840561540897
5.0,2778.815002667012,0.15841472740610638,2201.026105797467
3.5,1245.9736523100892,0.3894904205642409,1698.5318064757696
5.0,1503.1990084836534,0.2645633150230241,1988.4565641187914
3.5,2215.071460129958,0.3099180221618339,2402.716980547107
3.5,1123.6540070571943,0.224716672810307,883.7632644955168
5.0,1270.2111649814826,0.1617158748908699,1027.0665492056576
3.5,929.5074219193336,0.33969764276477565,1105.1301805542648
5.0,2606.1631390408534,0.29674984694207696,3866.89256308228
3.5,1333.7828452052008,0.36891824577970594,1722.1988962645871
3.5,1990.596249051687,0.17413338165309813,1213.2023972367006
5.0,1610.1715055998388,0.27600359393154567,2222.0656119586174
3.5,1605.5404253442243,0.18253879881090793,1025.7569723964111
3.5,1843.1254107664042,0.3477225595069863,2243.1369986342083
3.5,2555.4231282070577,0.2416723175193017,2161.5126037267814
3.5,1575.8653644047035,0.05507666102357599,303.77690872939166
3.5,1064.3945308403281,0.17737380949412487,660.7849945895127
3.5,1581.2247065761899,0.16002670916309547,885.6336518426913
5.0,1382.9544825827809,0.3154383900548018,2181.184677524919
3.5,2293.742633531791,0.48546424949620737,3897.355161437378
3.5,2138.51504302208,0.3447275001540364,2580.2173068798115
5.0,1755.729727680733,0.4870849639322162,4275.947755410448
3.5,2592.186545427752,0.04240746359647578,384.74819796175603
3.5,1086.0316723113795,0.1947499225124581,740.2660441005075
5.0,2370.31145133717,0.2514224727441822,2979.747831345213
3.5,1850.1087316559742,0.16784313503698278,1086.848173881521
5.0,1375.0690690196243,0.06253081533849701,429.92095016272566
5.0,989.4705740831558,0.08104830855992819,400.97458199630444
3.5,1951.0640932318977,0.42062262048425686,2872.3159206977944
5.0,2016.1727161156361,0.4900079750168239,4939.703549539963
5.0,2326.23124952519,0.23477470537771014,2730.701281238495
3.5,2173.88159415766,0.24944239294291173,1897.9037938743345
3.5,1981.6085949228882,0.32813612242795454,2275.8307617776636
3.5,1905.0604620487393,0.4327162909762906,2885.227440281581
5.0,2405.896379383921,0.4139913697287631,4980.101687633107
5.0,2617.4247188041836,0.3597081835581421,4707.545456006169
5.0,1180.081348025038,0.3376186700462418,1992.087476332948
3.5,1942.679486860717,0.17234256568906245,1171.8222847698053
5.0,1962.1677458064928,0.018360176245868085,180.1287281848245
5.0,1405.3400346309982,0.22760261877084237,1599.2953607276074
3.5,2462.0203667369888,0.4745326003419772,4089.0812435291405
5.0,2321.505060802887,0.43701154053016394,5072.622514850207
5.0,2012.6283393954884,0.48868402277269823,4917.696566210613
5.0,1174.0068742979033,0.170346762393799,999.941350323558
5.0,2353.7385888029717,0.34184157363862944,4023.0285156518735
3.5,1363.8332744512713,0.11922365783179947,569.1041707848036
5.0,2719.2243860483804,0.33131056429921935,4504.538828989435
5.0,2628.8804035153335,0.32140543820107254,4224.682290350291
3.5,977.6790957527303,0.21790651673930217,745.6492618550785
3.5,2389.3007882820566,0.33480913836472037,2799.859083766019
3.5,2322.178065111032,0.04358758525946949,354.26347040243957
5.0,2374.515029025023,0.4363186746100329,5180.2262515290095
3.5,2531.100261688939,0.35624777003603925,3155.9458838751198
3.5,1596.6893089620016,0.08652504089348102,483.53762713242395
3.5,2422.8245808121446,0.1102816496064544,935.175820176604
5.0,2051.32242842838,0.1461840148514645,1499.3527417125829
3.5,2389.7292336223068,0.2733882492124294,2286.6336194511705
3.5,1229.7956890838032,0.053617819178660674,230.78637009397116
3.5,1820.088011805112,0.4645101229089309,2959.072571240325
3.5,2206.8831788051,0.025439529765431564,196.49724610614902
5.0,1134.0119607044787,0.427825197615216,2425.794455932061
5.0,2164.984936652197,0.4483602567894389,4853.466010713231
3.5,1887.8527737949053,0.13567204353422965,896.4509529938151
3.5,1189.290412706423,0.3311864690445196,1378.5691235845889
5.0,2517.2294721908916,0.22050611025597924,2775.322397672626
3.5,2673.3091229339816,0.2946118188493109,2756.5596206891278
5.0,962.3392863561265,0.31354523974621673,1508.684511288674
3.5,2077.1890804687437,0.39011499829865975,2836.1991510757052
5.0,1977.1775927606745,0.218251159650115,2157.6065122712
3.5,2485.1461428728358,0.3232448124106952,2811.5870956813237
5.0,2254.003353223864,0.38541963064973495,4343.685699414028
3.5,2790.516000267484,0.4153578073656755,4056.7191255147795
3.5,1982.4935484305947,0.10897422093617251,756.1424148292429
3.5,2660.7860707278323,0.09298111744363112,865.9100174715284
3.5,2533.566924424225,0.14909725648527578,1322.117571437215
5.0,2373.1848668584835,0.3969477760584758,4710.152275375524
5.0,1032.2608133886981,0.4606645163141094,2377.6296415485685
3.5,2780.5612176824943,0.3782057922332097,3680.6852536529113
3.5,2623.755183610817,0.1450065345568364,1331.615763453292
3.5,2229.168813180484,0.45299353513184715,3534.2967138090207
3.5,1902.4346067392441,0.23642547316572773,1574.2440072281333
3.5,1331.6716776598923,0.1212425364505648,565.0933817160251
3.5,2745.189107841998,0.2821579528688758,2711.019286173218
5.0,2111.3904644079867,0.2558849382488383,2701.3650930211184
3.5,2231.225341627064,0.4621862060153987,3609.345513942086
3.5,1445.2462008675402,0.26594882663169944,1345.265359601253
3.5,1764.6026221622647,0.14208714974183198,877.5457495349966
5.0,1921.5697845925818,0.3291454988350638,3162.3802264805568
3.5,1260.6168900259404,0.3557163459926755,1569.477118358373
3.5,1276.3724112436935,0.3772847105137964,1685.4452848935562
3.5,2157.444667649167,0.4879160156430989,3684.281321734409
5.0,1946.9147700922645,0.1952948877598177,1901.1125075155003
3.5,1675.0536570078675,0.32399901965387473,1899.5050995836539
3.5,1943.5192200894196,0.25790198398733144,1754.3311197250034
5.0,1580.6602594665228,0.4814345418490976,3804.9222391767057
3.5,1954.8240494795039,0.20810191652255688,1423.809209063746
3.5,2034.6539207141116,0.05856831116532967,417.08185379749733
3.5,1039.3600462904242,0.42250315966389906,1536.965162551422
5.0,1110.1834437636383,0.3619091620323175,2008.9277991732538
3.5,2785.0388884050617,0.05763621922711919,561.8168917485826
5.0,1660.5744182806293,0.05820438195436495,483.2635385262657
3.5,1408.2921644297016,0.4831572551471318,2381.4930181387376
5.0,1845.4632077280335,0.47781232842519805,4408.925361537833
5.0,2738.6546802999264,0.33682097176831666,4612.181653782349
5.0,2314.5366965270623,0.1648860659112356,1908.1742514876737
5.0,1509.0041270689094,0.05336822345341495,402.6643472276946
5.0,1886.4759107921745,0.2073838367434771,1956.123061521133
3.5,2609.412114039049,0.3260781048132488,2978.0525488790513
3.5,1173.7544430286912,0.4516746106665655,1855.5427837559744
3.5,1399.1491320011996,0.0735658464080745,360.25356551376854
5.0,2466.15730216022,0.10685910181823828,1317.6567712566539
5.0,1364.6093369955122,0.064702001935077,441.4647798145389
5.0,1643.0695026084522,0.48330261253165224,3970.4989159087368
5.0,1249.839578429192,0.2853276648699346,1783.0690418761242
5.0,1155.6603695289587,0.3837381967589921,2217.3551313443654
3.5,1272.6469456243942,0.19971318798915969,889.5753254336008
3.5,1453.401496333473,0.08488230054430951,431.7882191816445
3.5,1669.2611654802872,0.10763712301490905,628.8606429448424
3.5,901.6314302361134,0.38240381991417643,1206.755560769402
5.0,1924.8880398732333,0.483951231896697,4657.759690799348
3.5,1257.3774005137034,0.3325355109975915,1463.4292273882666
3.5,1613.4905659868257,0.3360163246256284,1897.5570943035636
3.5,1814.577298612854,0.4950362450901035,3143.985363158678
5.0,2227.55402690527,0.21957874731969326,2445.617614073987
3.5,1765.1400545412566,0.3648850617051303,2254.256332018192
3.5,1440.5476310011727,0.4071988204700084,2053.0625366108984
5.0,2375.170224274615,0.27154010651948357,3224.769878507173
5.0,1534.6889957434917,0.09203315573236197,706.2113567300148
3.5,1336.3458306094653,0.19574354400075522,915.5337411294538
3.5,1888.303875561709,0.06902385661885918,456.1830558586263
5.0,1883.1906097808692,0.2854533752316633,2687.8155788326167
5.0,1516.2222397978353,0.4793281022441526,3633.8396439133744
3.5,2115.8767666280637,0.38717128129724104,2867.223515808578
3.5,1814.4892686565076,0.4259451169550712,2705.0549531306624
